Quadrumer,Weighted frequency
AAAA,6.7567567567569045
AAAC,23.557341124909208
AAAG,27.757487216947286
AAAT,12.05259313367448
AACA,29.948867786706277
AACC,23.922571219869038
AACG,54.784514243974904
AACT,23.557341124909208
AAGA,37.9839298758226
AAGC,73.95909422936612
AAGG,92.76844411979751
AAGT,42.366691015340585
AATA,17.896274653031803
AATC,30.679327976625945
AATG,57.24981738495377
AATT,12.05259313367448
ACAA,32.14024835646527
ACAC,49.1234477720975
ACAG,71.21986851716738
ACAT,48.30168005843787
ACCA,42.18407596786067
ACCC,22.279035792549795
ACCG,54.96712929145482
ACCT,21.548575602630127
ACGA,78.70708546384395
ACGC,61.90650109569164
ACGG,135.50036523009777
ACGT,94.77720964207658
ACTA,32.23155588020523
ACTC,40.26661796932155
ACTG,56.701972242514024
ACTT,37.71000730460272
AGAA,33.05332359386485
AGAC,68.48064280496864
AGAG,75.23739956172554
AGAT,46.01899196493892
AGCA,89.29875821767908
AGCC,55.14974433893474
AGCG,99.06866325785462
AGCT,56.06281957633432
AGGA,89.66398831263893
AGGC,122.80861943024372
AGGG,142.43973703433448
AGGT,90.75967859751843
AGTA,51.680058436816324
AGTC,45.28853177501925
AGTG,114.31701972242762
AGTT,32.505478451425105
ATAA,18.626734842951468
ATAC,35.97516435354351
ATAG,38.71439006574226
ATAT,34.97078159240397
ATCA,33.235938641344774
ATCC,37.80131482834268
ATCG,65.74141709276988
ATCT,21.731190650110044
ATGA,51.77136596055628
ATGC,65.65010956902992
ATGG,119.24762600438535
ATGT,71.76771365960713
ATTA,19.722425127830967
ATTC,28.305332359387034
ATTG,46.38422205989875
ATTT,14.97443389335314
CAAA,18.44411979547155
CAAC,25.748721694668202
CAAG,71.76771365960713
CAAT,27.392257121987452
CACA,50.03652300949708
CACC,30.67932797662595
CACG,77.0635500365247
CACT,44.192841490139756
CAGA,59.07596785975294
CAGC,54.60189919649499
CAGG,100.71219868517386
CAGT,80.71585098612303
CATA,26.8444119795477
CATC,42.00146092038076
CATG,74.59824689554584
CATT,36.15777940102343
CCAA,29.401022644266526
CCAC,33.78378378378452
CCAG,61.3586559532519
CCAT,37.61869978086276
CCCA,22.096420745069874
CCCC,47.75383491599811
CCCG,40.905770635501256
CCCT,20.63550036523055
CCGA,43.46238130022009
CCGC,44.192841490139756
CCGG,85.64645726808077
CCGT,64.09788166545064
CCTA,21.365960555150213
CCTC,26.296566837107953
CCTG,43.82761139517992
CCTT,16.800584368152304
CGAA,34.51424397370418
CGAC,67.56756756756904
CGAG,86.92476260044019
CGAT,70.12417823228787
CGCA,44.37545653761967
CGCC,51.31482834185649
CGCG,98.61212563915483
CGCT,46.56683710737867
CGGA,98.61212563915483
CGGC,119.06501095690544
CGGG,106.64718772827113
CGGT,108.65595325055021
CGTA,60.81081081081215
CGTC,65.01095690285022
CGTG,127.92184075968137
CGTT,39.26223520818201
CTAA,31.866325785245397
CTAC,24.105186267348955
CTAG,36.34039444850335
CTAT,34.24032140248431
CTCA,29.127100073046655
CTCC,32.68809349890502
CTCG,59.532505478452734
CTCT,38.988312636962135
CTGA,54.510591672755034
CTGC,55.8802045288544
CTGG,72.13294375456697
CTGT,58.0715850986134
CTTA,22.096420745069878
CTTC,20.818115412710462
CTTG,38.80569758948222
CTTT,19.905040175310884
GAAA,30.314097881666108
GAAC,38.34915997078243
GAAG,69.57633308984812
GAAT,40.175310445581594
GACA,66.3805697589496
GACC,51.31482834185649
GACG,140.79620160701526
GACT,60.90211833455211
GAGA,86.55953250548036
GAGC,94.3206720233768
GAGG,150.56610664719065
GAGT,79.07231555880378
GATA,56.06281957633433
GATC,54.054054054055236
GATG,110.84733382030923
GATT,27.757487216947286
GCAA,56.9758948137339
GCAC,75.96785975164521
GCAG,134.22205989773838
GCAT,66.47187728268955
GCCA,56.24543462381423
GCCC,42.91453615778034
GCCG,104.82103725347196
GCCT,41.27100073046109
GCGA,95.50766983199625
GCGC,100.25566106647408
GCGG,174.0321402483595
GCGT,79.34623813002366
GCTA,52.593133674215906
GCTC,63.823959094230766
GCTG,105.55149744339165
GCTT,39.444850255661926
GGAA,74.32432432432596
GGAC,101.44265887509353
GGAG,175.127830533239
GGAT,79.4375456537636
GGCA,120.70854638422468
GGCC,84.7333820306812
GGCG,175.9495982468986
GGCT,109.93425858290962
GGGA,150.3834915997107
GGGC,137.143900657417
GGGG,107.74287801315063
GGGT,121.89554419284413
GGTA,82.5420014609222
GGTC,72.13294375456695
GGTG,180.7888970051163
GGTT,65.65010956902994
GTAA,41.453615777941
GTAC,66.83710737764939
GTAG,94.9598246895565
GTAT,51.31482834185649
GTCA,52.77574872169583
GTCC,49.12344777209749
GTCG,82.72461650840211
GTCT,45.471146822499165
GTGA,91.85536888239793
GTGC,139.60920379839584
GTGG,150.47479912345068
GTGT,116.6910153396665
GTTA,42.092768444120715
GTTC,36.70562454346318
GTTG,58.802045288533066
GTTT,29.218407596786612
TAAA,8.217677136596235
TAAC,25.7487216946682
TAAG,44.740686632579504
TAAT,35.15339663988389
TACA,33.41855368882469
TACC,28.853177501826778
TACG,67.75018261504897
TACT,33.692476260044565
TAGA,36.24908692476339
TAGC,51.497443389336404
TAGG,65.01095690285021
TAGT,52.77574872169583
TATA,27.118334550767575
TATC,22.279035792549795
TATG,59.25858290723286
TATT,23.00949598246946
TCAA,19.35719503287113
TCAC,35.24470416362385
TCAG,43.279766252740174
TCAT,42.64061358656046
TCCA,39.81008035062176
TCCC,17.53104455807197
TCCG,50.40175310445691
TCCT,29.766252739226363
TCGA,48.39298758217783
TCGC,40.175310445581594
TCGG,76.69831994156486
TCGT,77.0635500365247
TCTA,33.32724616508473
TCTC,27.9401022644272
TCTG,35.97516435354352
TCTT,16.98319941563222
TGAA,36.15777940102343
TGAC,67.20233747260923
TGAG,71.76771365960713
TGAT,54.236669101535156
TGCA,76.51570489408495
TGCC,48.94083272461758
TGCG,94.86851716581654
TGCT,70.58071585098766
TGGA,85.09861212564103
TGGC,98.24689554419497
TGGG,122.26077428780395
TGGT,92.40321402483767
TGTA,63.73265157049081
TGTC,50.03652300949708
TGTG,130.66106647188008
TGTT,40.72315558802134
TTAA,19.357195032871132
TTAC,29.492330168006486
TTAG,35.97516435354351
TTAT,19.174579985391215
TTCA,33.05332359386485
TTCC,17.53104455807197
TTCG,37.25346968590293
TTCT,12.965668371074061
TTGA,23.922571219869038
TTGC,40.905770635501256
TTGG,56.884587289993945
TTGT,46.20160701241883
TTTA,19.722425127830967
TTTC,16.43535427319247
TTTG,20.45288531775063
TTTT,3.652300949598327
